symbol,bb_period,bb_std,vol_mult,max_hold,bb_exit_mid,adx_ceil,rsi_floor,rsi_ceil,tp,sl,avg_oos,total_n,passed,F1_sharpe,F1_wr,F1_n,F1_mdd,F1_avg,F2_sharpe,F2_wr,F2_n,F2_mdd,F2_avg
KRW-BTC,20,2.0,1.2,18,True,15,20,40,0.02,0.01,-13.365216164113003,9,False,,,2,,,-26.730432328226005,0.14285714285714285,7,-0.06696146046702585,-0.007205714285714252
KRW-BTC,20,2.0,1.2,18,True,15,20,40,0.02,0.015,-16.452704438550544,9,False,,,2,,,-32.90540887710109,0.14285714285714285,7,-0.08685925041250675,-0.010239807775991863
KRW-BTC,20,2.0,1.2,18,True,15,20,40,0.02,0.02,-13.074612520492995,9,False,,,2,,,-26.14922504098599,0.2857142857142857,7,-0.0902693958646685,-0.010046278756240106
KRW-BTC,20,2.0,1.2,18,True,15,20,40,0.03,0.01,-9.67188542537512,9,False,,,2,,,-19.34377085075024,0.14285714285714285,7,-0.06696146046702582,-0.006308179281056661
KRW-BTC,20,2.0,1.2,18,True,15,20,40,0.03,0.015,-12.754855000268778,9,False,,,2,,,-25.509710000537556,0.14285714285714285,7,-0.08685925041250686,-0.009342272771334273
KRW-BTC,20,2.0,1.2,18,True,15,20,40,0.03,0.02,-10.645161731440243,9,False,,,2,,,-21.290323462880487,0.2857142857142857,7,-0.09026939586466845,-0.009148743751582514
KRW-BTC,20,2.0,1.2,18,True,15,20,40,0.04,0.01,-9.67188542537512,9,False,,,2,,,-19.34377085075024,0.14285714285714285,7,-0.06696146046702582,-0.006308179281056661
KRW-BTC,20,2.0,1.2,18,True,15,20,40,0.04,0.015,-12.754855000268778,9,False,,,2,,,-25.509710000537556,0.14285714285714285,7,-0.08685925041250686,-0.009342272771334273
KRW-BTC,20,2.0,1.2,18,True,15,20,40,0.04,0.02,-10.645161731440243,9,False,,,2,,,-21.290323462880487,0.2857142857142857,7,-0.09026939586466845,-0.009148743751582514
KRW-BTC,20,2.0,1.2,18,True,15,20,40,0.05,0.01,-9.67188542537512,9,False,,,2,,,-19.34377085075024,0.14285714285714285,7,-0.06696146046702582,-0.006308179281056661
KRW-BTC,20,2.0,1.2,18,True,15,20,40,0.05,0.015,-12.754855000268778,9,False,,,2,,,-25.509710000537556,0.14285714285714285,7,-0.08685925041250686,-0.009342272771334273
KRW-BTC,20,2.0,1.2,18,True,15,20,40,0.05,0.02,-10.645161731440243,9,False,,,2,,,-21.290323462880487,0.2857142857142857,7,-0.09026939586466845,-0.009148743751582514
KRW-BTC,20,2.0,1.2,18,True,15,20,45,0.02,0.01,-17.281718859270764,12,False,,,2,,,-34.56343771854153,0.2,10,-0.061058224767004864,-0.007393069272458546
KRW-BTC,20,2.0,1.2,18,True,15,20,45,0.02,0.015,-20.06508389369039,12,False,,,2,,,-40.13016778738078,0.2,10,-0.08572290639041527,-0.010515434715652888
KRW-BTC,20,2.0,1.2,18,True,15,20,45,0.02,0.02,-16.780906500293558,12,False,,,2,,,-33.561813000587115,0.3,10,-0.09376096409639104,-0.011378464401826651
KRW-BTC,20,2.0,1.2,18,True,15,20,45,0.03,0.01,-17.281718859270764,12,False,,,2,,,-34.56343771854153,0.2,10,-0.061058224767004864,-0.007393069272458546
KRW-BTC,20,2.0,1.2,18,True,15,20,45,0.03,0.015,-20.06508389369039,12,False,,,2,,,-40.13016778738078,0.2,10,-0.08572290639041527,-0.010515434715652888
KRW-BTC,20,2.0,1.2,18,True,15,20,45,0.03,0.02,-16.780906500293558,12,False,,,2,,,-33.561813000587115,0.3,10,-0.09376096409639104,-0.011378464401826651
KRW-BTC,20,2.0,1.2,18,True,15,20,45,0.04,0.01,-17.281718859270764,12,False,,,2,,,-34.56343771854153,0.2,10,-0.061058224767004864,-0.007393069272458546
KRW-BTC,20,2.0,1.2,18,True,15,20,45,0.04,0.015,-20.06508389369039,12,False,,,2,,,-40.13016778738078,0.2,10,-0.08572290639041527,-0.010515434715652888
KRW-BTC,20,2.0,1.2,18,True,15,20,45,0.04,0.02,-16.780906500293558,12,False,,,2,,,-33.561813000587115,0.3,10,-0.09376096409639104,-0.011378464401826651
KRW-BTC,20,2.0,1.2,18,True,15,20,45,0.05,0.01,-17.281718859270764,12,False,,,2,,,-34.56343771854153,0.2,10,-0.061058224767004864,-0.007393069272458546
KRW-BTC,20,2.0,1.2,18,True,15,20,45,0.05,0.015,-20.06508389369039,12,False,,,2,,,-40.13016778738078,0.2,10,-0.08572290639041527,-0.010515434715652888
KRW-BTC,20,2.0,1.2,18,True,15,20,45,0.05,0.02,-16.780906500293558,12,False,,,2,,,-33.561813000587115,0.3,10,-0.09376096409639104,-0.011378464401826651
KRW-BTC,20,2.0,1.2,18,True,15,25,40,0.02,0.01,-13.365216164113003,9,False,,,2,,,-26.730432328226005,0.14285714285714285,7,-0.06696146046702585,-0.007205714285714252
KRW-BTC,20,2.0,1.2,18,True,15,25,40,0.02,0.015,-16.452704438550544,9,False,,,2,,,-32.90540887710109,0.14285714285714285,7,-0.08685925041250675,-0.010239807775991863
KRW-BTC,20,2.0,1.2,18,True,15,25,40,0.02,0.02,-13.074612520492995,9,False,,,2,,,-26.14922504098599,0.2857142857142857,7,-0.0902693958646685,-0.010046278756240106
KRW-BTC,20,2.0,1.2,18,True,15,25,40,0.03,0.01,-9.67188542537512,9,False,,,2,,,-19.34377085075024,0.14285714285714285,7,-0.06696146046702582,-0.006308179281056661
KRW-BTC,20,2.0,1.2,18,True,15,25,40,0.03,0.015,-12.754855000268778,9,False,,,2,,,-25.509710000537556,0.14285714285714285,7,-0.08685925041250686,-0.009342272771334273
KRW-BTC,20,2.0,1.2,18,True,15,25,40,0.03,0.02,-10.645161731440243,9,False,,,2,,,-21.290323462880487,0.2857142857142857,7,-0.09026939586466845,-0.009148743751582514
KRW-BTC,20,2.0,1.2,18,True,15,25,40,0.04,0.01,-9.67188542537512,9,False,,,2,,,-19.34377085075024,0.14285714285714285,7,-0.06696146046702582,-0.006308179281056661
KRW-BTC,20,2.0,1.2,18,True,15,25,40,0.04,0.015,-12.754855000268778,9,False,,,2,,,-25.509710000537556,0.14285714285714285,7,-0.08685925041250686,-0.009342272771334273
KRW-BTC,20,2.0,1.2,18,True,15,25,40,0.04,0.02,-10.645161731440243,9,False,,,2,,,-21.290323462880487,0.2857142857142857,7,-0.09026939586466845,-0.009148743751582514
KRW-BTC,20,2.0,1.2,18,True,15,25,40,0.05,0.01,-9.67188542537512,9,False,,,2,,,-19.34377085075024,0.14285714285714285,7,-0.06696146046702582,-0.006308179281056661
KRW-BTC,20,2.0,1.2,18,True,15,25,40,0.05,0.015,-12.754855000268778,9,False,,,2,,,-25.509710000537556,0.14285714285714285,7,-0.08685925041250686,-0.009342272771334273
KRW-BTC,20,2.0,1.2,18,True,15,25,40,0.05,0.02,-10.645161731440243,9,False,,,2,,,-21.290323462880487,0.2857142857142857,7,-0.09026939586466845,-0.009148743751582514
KRW-BTC,20,2.0,1.2,18,True,15,25,45,0.02,0.01,-17.281718859270764,12,False,,,2,,,-34.56343771854153,0.2,10,-0.061058224767004864,-0.007393069272458546
KRW-BTC,20,2.0,1.2,18,True,15,25,45,0.02,0.015,-20.06508389369039,12,False,,,2,,,-40.13016778738078,0.2,10,-0.08572290639041527,-0.010515434715652888
KRW-BTC,20,2.0,1.2,18,True,15,25,45,0.02,0.02,-16.780906500293558,12,False,,,2,,,-33.561813000587115,0.3,10,-0.09376096409639104,-0.011378464401826651
KRW-BTC,20,2.0,1.2,18,True,15,25,45,0.03,0.01,-17.281718859270764,12,False,,,2,,,-34.56343771854153,0.2,10,-0.061058224767004864,-0.007393069272458546
KRW-BTC,20,2.0,1.2,18,True,15,25,45,0.03,0.015,-20.06508389369039,12,False,,,2,,,-40.13016778738078,0.2,10,-0.08572290639041527,-0.010515434715652888
KRW-BTC,20,2.0,1.2,18,True,15,25,45,0.03,0.02,-16.780906500293558,12,False,,,2,,,-33.561813000587115,0.3,10,-0.09376096409639104,-0.011378464401826651
KRW-BTC,20,2.0,1.2,18,True,15,25,45,0.04,0.01,-17.281718859270764,12,False,,,2,,,-34.56343771854153,0.2,10,-0.061058224767004864,-0.007393069272458546
KRW-BTC,20,2.0,1.2,18,True,15,25,45,0.04,0.015,-20.06508389369039,12,False,,,2,,,-40.13016778738078,0.2,10,-0.08572290639041527,-0.010515434715652888
KRW-BTC,20,2.0,1.2,18,True,15,25,45,0.04,0.02,-16.780906500293558,12,False,,,2,,,-33.561813000587115,0.3,10,-0.09376096409639104,-0.011378464401826651
KRW-BTC,20,2.0,1.2,18,True,15,25,45,0.05,0.01,-17.281718859270764,12,False,,,2,,,-34.56343771854153,0.2,10,-0.061058224767004864,-0.007393069272458546
KRW-BTC,20,2.0,1.2,18,True,15,25,45,0.05,0.015,-20.06508389369039,12,False,,,2,,,-40.13016778738078,0.2,10,-0.08572290639041527,-0.010515434715652888
KRW-BTC,20,2.0,1.2,18,True,15,25,45,0.05,0.02,-16.780906500293558,12,False,,,2,,,-33.561813000587115,0.3,10,-0.09376096409639104,-0.011378464401826651
KRW-BTC,20,2.0,1.2,18,True,20,20,40,0.02,0.01,-19.549716734200572,32,False,-11.980047815014117,0.25,8,-0.045154610977047795,-0.003996249999999943,-27.119385653387024,0.16666666666666666,24,-0.17365471472668909,-0.00702376020021839
KRW-BTC,20,2.0,1.2,18,True,20,20,40,0.02,0.015,-17.587350454952745,31,False,-3.372550278800421,0.42857142857142855,7,-0.016477500000000134,-0.0014999999999999816,-31.80215063110507,0.20833333333333334,24,-0.22927022665330002,-0.009963412244786616
KRW-BTC,20,2.0,1.2,18,True,20,20,40,0.02,0.02,-18.20522859359675,31,False,-8.56346731148176,0.42857142857142855,7,-0.02810596503623785,-0.004352857142857092,-27.84698987571174,0.2916666666666667,24,-0.25840115505137295,-0.010752660722202004
KRW-BTC,20,2.0,1.2,18,True,20,20,40,0.03,0.01,-13.170104769423052,32,False,-3.372550278800324,0.25,8,-0.045154610977047704,-0.0014999999999999384,-22.967659260045778,0.16666666666666666,24,-0.17055510407522526,-0.00660280132335996
KRW-BTC,20,2.0,1.2,18,True,20,20,40,0.03,0.015,-12.224042109267298,31,False,3.647369269783742,0.42857142857142855,7,-0.016477500000000152,0.002008304599716307,-28.095453488318338,0.20833333333333334,24,-0.22637922907947683,-0.009542453367928186
KRW-BTC,20,2.0,1.2,18,True,20,20,40,0.03,0.02,-13.338535567516988,31,False,-1.3755311972587927,0.42857142857142855,7,-0.021470000000000017,-0.0008445525431408041,-25.301539937775186,0.2916666666666667,24,-0.255619427219338,-0.010331701845343573
KRW-BTC,20,2.0,1.2,18,True,20,20,40,0.04,0.01,-11.479745703363578,32,False,0.008167853318620563,0.25,8,-0.045154610977047836,4.200785265712041e-06,-22.967659260045778,0.16666666666666666,24,-0.17055510407522526,-0.00660280132335996
KRW-BTC,20,2.0,1.2,18,True,20,20,40,0.04,0.015,-10.988700235441536,31,False,6.118053017435266,0.42857142857142855,7,-0.016477500000000166,0.0037273912114484794,-28.095453488318338,0.20833333333333334,24,-0.22637922907947683,-0.009542453367928186
KRW-BTC,20,2.0,1.2,18,True,20,20,40,0.04,0.02,-11.99998689649459,31,False,1.301566144786004,0.42857142857142855,7,-0.021470000000000013,0.0008745340685913679,-25.301539937775186,0.2916666666666667,24,-0.255619427219338,-0.010331701845343573
KRW-BTC,20,2.0,1.2,18,True,20,20,40,0.05,0.01,-10.402275252279729,32,False,2.16310875548632,0.25,8,-0.04515461097704764,0.0012523257852657265,-22.967659260045778,0.16666666666666666,24,-0.17055510407522526,-0.00660280132335996
KRW-BTC,20,2.0,1.2,18,True,20,20,40,0.05,0.015,-10.183687257690714,31,False,7.7280789729369115,0.42857142857142855,7,-0.01647750000000004,0.005153819782877066,-28.095453488318338,0.20833333333333334,24,-0.22637922907947683,-0.009542453367928186
KRW-BTC,20,2.0,1.2,18,True,20,20,40,0.05,0.02,-11.071080500995466,31,False,3.159378935784255,0.42857142857142855,7,-0.021470000000000013,0.002300962640019955,-25.301539937775186,0.2916666666666667,24,-0.255619427219338,-0.010331701845343573
KRW-BTC,20,2.0,1.2,18,True,20,20,45,0.02,0.01,-17.778727925129747,36,False,-7.077440817596538,0.3,10,-0.05612101026997641,-0.0024984999999999513,-28.480015032662955,0.19230769230769232,26,-0.1587649311439111,-0.006945228366531807
KRW-BTC,20,2.0,1.2,18,True,20,20,45,0.02,0.015,-14.63032929827455,35,False,3.5907528958052577,0.5555555555555556,9,-0.01647750000000015,0.0015276342090948735,-32.85141149235436,0.23076923076923078,26,-0.2153825700883573,-0.009850772561517868
KRW-BTC,20,2.0,1.2,18,True,20,20,45,0.02,0.02,-15.144317708899731,35,False,-1.4171972865028553,0.5555555555555556,9,-0.024793626952176812,-0.0006912546797939907,-28.871438131296607,0.3076923076923077,26,-0.24503840402790622,-0.010771328848362842
KRW-BTC,20,2.0,1.2,18,True,20,20,45,0.03,0.01,-14.783878757199643,36,False,-2.8544931484798974,0.3,10,-0.0561210102699763,-0.0011974683483437485,-26.71326436591939,0.19230769230769232,26,-0.1556094691036718,-0.006798294981454915
KRW-BTC,20,2.0,1.2,18,True,20,20,45,0.03,0.015,-12.138001992606132,35,False,7.07954531256598,0.5555555555555556,9,-0.016477500000000152,0.003483017399603319,-31.355549297778243,0.23076923076923078,26,-0.21243948009145144,-0.009703839176440975
KRW-BTC,20,2.0,1.2,18,True,20,20,45,0.03,0.02,-12.794504249437384,35,False,2.2900928171819044,0.5555555555555556,9,-0.021470000000000038,0.0012641285107144547,-27.879101316056673,0.3076923076923077,26,-0.24220655268679664,-0.010624395463285953
KRW-BTC,20,2.0,1.2,18,True,20,20,45,0.04,0.01,-13.350476944756187,36,False,0.012310476407016192,0.3,10,-0.056121010269976415,5.892279868772131e-06,-26.71326436591939,0.19230769230769232,26,-0.1556094691036718,-0.006798294981454915
KRW-BTC,20,2.0,1.2,18,True,20,20,45,0.04,0.015,-11.222866658670643,35,False,8.909815980436958,0.5555555555555556,9,-0.016477500000000186,0.004820084764283897,-31.355549297778243,0.23076923076923078,26,-0.21243948009145144,-0.009703839176440975
KRW-BTC,20,2.0,1.2,18,True,20,20,45,0.04,0.02,-11.76961169619576,35,False,4.339877923665151,0.5555555555555556,9,-0.02147000000000009,0.002601195875395033,-27.879101316056673,0.3076923076923077,26,-0.24220655268679664,-0.010624395463285953
KRW-BTC,20,2.0,1.2,18,True,20,20,45,0.05,0.01,-12.417238279358948,36,False,1.8787878072014923,0.3,10,-0.05612101026997621,0.0010043922798687837,-26.71326436591939,0.19230769230769232,26,-0.1556094691036718,-0.006798294981454915
KRW-BTC,20,2.0,1.2,18,True,20,20,45,0.05,0.015,-10.655750756892187,35,False,10.044047783993868,0.5555555555555556,9,-0.01647750000000007,0.005929529208728353,-31.355549297778243,0.23076923076923078,26,-0.21243948009145144,-0.009703839176440975
KRW-BTC,20,2.0,1.2,18,True,20,20,45,0.05,0.02,-11.07109615821884,35,False,5.7369089996189935,0.5555555555555556,9,-0.021470000000000034,0.0037106403198394894,-27.879101316056673,0.3076923076923077,26,-0.24220655268679664,-0.010624395463285953
KRW-BTC,20,2.0,1.2,18,True,20,25,40,0.02,0.01,-22.57141008180338,31,False,-11.980047815014117,0.25,8,-0.045154610977047795,-0.003996249999999943,-33.16277234859264,0.13043478260869565,23,-0.183145290328053,-0.007924855415379952
KRW-BTC,20,2.0,1.2,18,True,20,25,40,0.02,0.015,-20.469950299178706,30,False,-3.372550278800421,0.42857142857142855,7,-0.016477500000000134,-0.0014999999999999816,-37.567350319556994,0.17391304347826086,23,-0.23968759367546696,-0.010992318418407667
KRW-BTC,20,2.0,1.2,18,True,20,25,40,0.02,0.02,-20.206258734937663,30,False,-8.56346731148176,0.42857142857142855,7,-0.02810596503623785,-0.004352857142857092,-31.849050158393563,0.2608695652173913,23,-0.258401155051373,-0.011815882047015027
KRW-BTC,20,2.0,1.2,18,True,20,25,40,0.03,0.01,-15.4572346699028,31,False,-3.372550278800324,0.25,8,-0.045154610977047704,-0.0014999999999999384,-27.541919061005274,0.13043478260869565,23,-0.18008127870492172,-0.0074855939786581125
KRW-BTC,20,2.0,1.2,18,True,20,25,40,0.03,0.015,-14.525390020508114,30,False,3.647369269783742,0.42857142857142855,7,-0.016477500000000152,0.002008304599716307,-32.69814931079997,0.17391304347826086,23,-0.23683567151280357,-0.010553056981685826
KRW-BTC,20,2.0,1.2,18,True,20,25,40,0.03,0.02,-15.059219051063874,30,False,-1.3755311972587927,0.42857142857142855,7,-0.021470000000000017,-0.0008445525431408041,-28.742906904868956,0.2608695652173913,23,-0.25561942721933784,-0.011376620610293186
KRW-BTC,20,2.0,1.2,18,True,20,25,40,0.04,0.01,-13.766875603843326,31,False,0.008167853318620563,0.25,8,-0.045154610977047836,4.200785265712041e-06,-27.541919061005274,0.13043478260869565,23,-0.18008127870492172,-0.0074855939786581125
KRW-BTC,20,2.0,1.2,18,True,20,25,40,0.04,0.015,-13.290048146682352,30,False,6.118053017435266,0.42857142857142855,7,-0.016477500000000166,0.0037273912114484794,-32.69814931079997,0.17391304347826086,23,-0.23683567151280357,-0.010553056981685826
KRW-BTC,20,2.0,1.2,18,True,20,25,40,0.04,0.02,-13.720670380041476,30,False,1.301566144786004,0.42857142857142855,7,-0.021470000000000013,0.0008745340685913679,-28.742906904868956,0.2608695652173913,23,-0.25561942721933784,-0.011376620610293186
KRW-BTC,20,2.0,1.2,18,True,20,25,40,0.05,0.01,-12.689405152759477,31,False,2.16310875548632,0.25,8,-0.04515461097704764,0.0012523257852657265,-27.541919061005274,0.13043478260869565,23,-0.18008127870492172,-0.0074855939786581125
KRW-BTC,20,2.0,1.2,18,True,20,25,40,0.05,0.015,-12.485035168931528,30,False,7.7280789729369115,0.42857142857142855,7,-0.01647750000000004,0.005153819782877066,-32.69814931079997,0.17391304347826086,23,-0.23683567151280357,-0.010553056981685826
KRW-BTC,20,2.0,1.2,18,True,20,25,40,0.05,0.02,-12.791763984542351,30,False,3.159378935784255,0.42857142857142855,7,-0.021470000000000013,0.002300962640019955,-28.742906904868956,0.2608695652173913,23,-0.25561942721933784,-0.011376620610293186
KRW-BTC,20,2.0,1.2,18,True,20,25,45,0.02,0.01,-20.89467443461187,35,False,-7.077440817596538,0.3,10,-0.05612101026997641,-0.0024984999999999513,-34.7119080516272,0.16,25,-0.16842651590972335,-0.0077710946911329825
KRW-BTC,20,2.0,1.2,18,True,20,25,45,0.02,0.015,-17.496062688900928,34,False,3.5907528958052577,0.5555555555555556,9,-0.01647750000000015,0.0015276342090948735,-38.582878273607115,0.2,25,-0.22598764598141197,-0.010792860653918483
KRW-BTC,20,2.0,1.2,18,True,20,25,45,0.02,0.02,-17.112292515330044,34,False,-1.4171972865028553,0.5555555555555556,9,-0.024793626952176812,-0.0006912546797939907,-32.80738774415723,0.28,25,-0.24503840402790616,-0.01175023919223726
KRW-BTC,20,2.0,1.2,18,True,20,25,45,0.03,0.01,-17.55344519915005,35,False,-2.8544931484798974,0.3,10,-0.0561210102699763,-0.0011974683483437485,-32.252397249820206,0.16,25,-0.16530729435101602,-0.0076182839706530146
KRW-BTC,20,2.0,1.2,18,True,20,25,45,0.03,0.015,-14.75782741596589,34,False,7.07954531256598,0.5555555555555556,9,-0.016477500000000152,0.003483017399603319,-36.59520014449776,0.2,25,-0.22308433548925272,-0.010640049933438518
KRW-BTC,20,2.0,1.2,18,True,20,25,45,0.03,0.02,-14.65130851532118,34,False,2.2900928171819044,0.5555555555555556,9,-0.021470000000000038,0.0012641285107144547,-31.592709847824263,0.28,25,-0.2422065526867964,-0.011597428471757291
KRW-BTC,20,2.0,1.2,18,True,20,25,45,0.04,0.01,-16.120043386706595,35,False,0.012310476407016192,0.3,10,-0.056121010269976415,5.892279868772131e-06,-32.252397249820206,0.16,25,-0.16530729435101602,-0.0076182839706530146
KRW-BTC,20,2.0,1.2,18,True,20,25,45,0.04,0.015,-13.8426920820304,34,False,8.909815980436958,0.5555555555555556,9,-0.016477500000000186,0.004820084764283897,-36.59520014449776,0.2,25,-0.22308433548925272,-0.010640049933438518
KRW-BTC,20,2.0,1.2,18,True,20,25,45,0.04,0.02,-13.626415962079555,34,False,4.339877923665151,0.5555555555555556,9,-0.02147000000000009,0.002601195875395033,-31.592709847824263,0.28,25,-0.2422065526867964,-0.011597428471757291
KRW-BTC,20,2.0,1.2,18,True,20,25,45,0.05,0.01,-15.186804721309358,35,False,1.8787878072014923,0.3,10,-0.05612101026997621,0.0010043922798687837,-32.252397249820206,0.16,25,-0.16530729435101602,-0.0076182839706530146
KRW-BTC,20,2.0,1.2,18,True,20,25,45,0.05,0.015,-13.275576180251946,34,False,10.044047783993868,0.5555555555555556,9,-0.01647750000000007,0.005929529208728353,-36.59520014449776,0.2,25,-0.22308433548925272,-0.010640049933438518
KRW-BTC,20,2.0,1.2,18,True,20,25,45,0.05,0.02,-12.927900424102635,34,False,5.7369089996189935,0.5555555555555556,9,-0.021470000000000034,0.0037106403198394894,-31.592709847824263,0.28,25,-0.2422065526867964,-0.011597428471757291
KRW-BTC,20,2.0,1.2,18,True,25,20,40,0.02,0.01,-14.569518259551561,57,False,-9.341937711144531,0.29411764705882354,17,-0.07676076561940731,-0.003134556939625549,-19.79709880795859,0.2,40,-0.22438355982685726,-0.005812756120131005
KRW-BTC,20,2.0,1.2,18,True,25,20,40,0.02,0.015,-15.70938191253737,51,False,-10.996887289115746,0.35714285714285715,14,-0.08214781110232323,-0.004554640569545332,-20.421876535958997,0.2702702702702703,37,-0.2705314680566459,-0.007364442382444545
KRW-BTC,20,2.0,1.2,18,True,25,20,40,0.02,0.02,-13.421627910244926,50,False,-9.93849832921911,0.42857142857142855,14,-0.09943023002274308,-0.004911247712402454,-16.904757491270743,0.3611111111111111,36,-0.29500408671884926,-0.007360106433567164
KRW-BTC,20,2.0,1.2,18,True,25,20,40,0.03,0.01,-11.24173908744817,56,False,-9.96800243973158,0.1875,16,-0.10466727287417192,-0.003996249999999944,-12.51547573516476,0.2,40,-0.1944928835889574,-0.004561680794015946
KRW-BTC,20,2.0,1.2,18,True,25,20,40,0.03,0.015,-9.079496428762717,51,False,-4.111029655802691,0.35714285714285715,14,-0.06897386603960018,-0.0020872739839729025,-14.047963201722744,0.2702702702702703,37,-0.2533679075774781,-0.006011928516374208
KRW-BTC,20,2.0,1.2,18,True,25,20,40,0.03,0.02,-10.30063770738014,50,False,-9.324709064210685,0.35714285714285715,14,-0.10611709158138762,-0.005296738269687177,-11.276566350549594,0.3611111111111111,36,-0.2784163389747054,-0.005692661626772649
KRW-BTC,20,2.0,1.2,18,True,25,20,40,0.04,0.01,-13.952244531278467,56,False,-14.624018462171655,0.125,16,-0.11318721545211625,-0.005740399607367128,-13.280470600385277,0.2,40,-0.20232675516567686,-0.004728148242174353
KRW-BTC,20,2.0,1.2,18,True,25,20,40,0.04,0.015,-11.124228192959457,51,False,-8.710751621462306,0.2857142857142857,14,-0.08249087207741654,-0.004437194963821101,-13.537704764456606,0.2702702702702703,37,-0.2603753029477426,-0.005912486801324288
KRW-BTC,20,2.0,1.2,18,True,25,20,40,0.04,0.02,-13.240956007334312,50,False,-14.155879189994259,0.2857142857142857,14,-0.12356643737383649,-0.008003266392392528,-12.326032824674362,0.3611111111111111,36,-0.29296732261201586,-0.006088984760595721
KRW-BTC,20,2.0,1.2,18,True,25,20,40,0.05,0.01,-12.44205177768665,56,False,-11.603632954988022,0.125,16,-0.11318721545211613,-0.005116337107367121,-13.280470600385277,0.2,40,-0.20232675516567686,-0.004728148242174353
KRW-BTC,20,2.0,1.2,18,True,25,20,40,0.05,0.015,-11.252725366669749,51,False,-6.750760853823185,0.2857142857142857,14,-0.08249087207741648,-0.0037239806781068072,-15.754689879516313,0.2702702702702703,37,-0.2603753029477426,-0.0064321821138813295
KRW-BTC,20,2.0,1.2,18,True,25,20,40,0.05,0.02,-13.083619500837285,50,False,-12.020102050462128,0.2857142857142857,14,-0.12356643737383641,-0.007290052106678235,-14.147136951212442,0.3611111111111111,36,-0.29296732261201586,-0.006623116054057126
KRW-BTC,20,2.0,1.2,18,True,25,20,45,0.02,0.01,-14.198310842730193,65,False,-7.885120920750751,0.30434782608695654,23,-0.10391486074824816,-0.0027081507814623517,-20.511500764709634,0.21428571428571427,42,-0.2104078511936284,-0.0058218080364244255
KRW-BTC,20,2.0,1.2,18,True,25,20,45,0.02,0.015,-16.377526268373067,58,False,-11.581254293584779,0.3684210526315789,19,-0.11002316327176513,-0.0046815136890410915,-21.173798243161357,0.28205128205128205,39,-0.257387291203878,-0.007422629766026508
KRW-BTC,20,2.0,1.2,18,True,25,20,45,0.02,0.02,-14.834748335954266,57,False,-11.92397213452616,0.42105263157894735,19,-0.13564832537812294,-0.005732566320620022,-17.745524537382373,0.3684210526315789,38,-0.28230087806917803,-0.007551434850868515
KRW-BTC,20,2.0,1.2,18,True,25,20,45,0.03,0.01,-10.85090660434054,64,False,-7.893698780928359,0.22727272727272727,22,-0.13943747586934946,-0.003177940158338037,-13.808114427752722,0.21428571428571427,42,-0.1799785796393914,-0.004779896893281587
KRW-BTC,20,2.0,1.2,18,True,25,20,45,0.03,0.015,-10.767622325244984,58,False,-6.140415035466979,0.3684210526315789,19,-0.11002316327176516,-0.0029457075565904544,-15.394829615022989,0.28205128205128205,39,-0.23991446327247284,-0.006300571611872681
KRW-BTC,20,2.0,1.2,18,True,25,20,45,0.03,0.02,-11.956846827530722,57,False,-11.31730370244282,0.3684210526315789,19,-0.1455287298372787,-0.006098865451327288,-12.596389952618622,0.3684210526315789,38,-0.2654142383504108,-0.0061370856926580035
KRW-BTC,20,2.0,1.2,18,True,25,20,45,0.04,0.01,-11.997897858998552,64,False,-9.36813743536611,0.18181818181818182,22,-0.14932103645899006,-0.003992548963695995,-14.627658282630993,0.21428571428571427,42,-0.1879536084956061,-0.004938437320099119
KRW-BTC,20,2.0,1.2,18,True,25,20,45,0.04,0.015,-11.52253798957588,58,False,-8.198370412531794,0.3157894736842105,19,-0.12468775659895462,-0.004151701962794397,-14.846705566619967,0.28205128205128205,39,-0.24704812377960186,-0.006206229471953522
KRW-BTC,20,2.0,1.2,18,True,25,20,45,0.04,0.02,-13.57013085642504,57,False,-13.468556418172259,0.3157894736842105,19,-0.16387422800767223,-0.007567623015425976,-13.671705294677821,0.3684210526315789,38,-0.28022741383553246,-0.006512549714174598
KRW-BTC,20,2.0,1.2,18,True,25,20,45,0.05,0.01,-10.76242652825369,64,False,-6.897194773876385,0.18181818181818182,22,-0.14932103645899006,-0.0032755546903529514,-14.627658282630993,0.21428571428571427,42,-0.1879536084956061,-0.004938437320099119
KRW-BTC,20,2.0,1.2,18,True,25,20,45,0.05,0.015,-11.594557116946135,58,False,-5.99076063670452,0.3157894736842105,19,-0.12468775659895455,-0.003321498067344558,-17.198353597187747,0.28205128205128205,39,-0.24704812377960186,-0.006699273742840972
KRW-BTC,20,2.0,1.2,18,True,25,20,45,0.05,0.02,-13.322177992181704,57,False,-11.070173332226393,0.3157894736842105,19,-0.1638742280076723,-0.006737419119976137,-15.574182652137017,0.3684210526315789,38,-0.28022741383553246,-0.007018568834295928
KRW-BTC,20,2.0,1.2,18,True,25,25,40,0.02,0.01,-17.562692044413552,55,False,-9.341937711144531,0.29411764705882354,17,-0.07676076561940731,-0.003134556939625549,-25.78344637768257,0.15789473684210525,38,-0.24874269855832665,-0.0069653072250983675
KRW-BTC,20,2.0,1.2,18,True,25,25,40,0.02,0.015,-18.316340207617635,49,False,-10.996887289115746,0.35714285714285715,14,-0.08214781110232323,-0.004554640569545332,-25.635793126119523,0.22857142857142856,35,-0.2934412779181838,-0.008704451368541309
KRW-BTC,20,2.0,1.2,18,True,25,25,40,0.02,0.02,-14.190997014283266,49,False,-9.93849832921911,0.42857142857142855,14,-0.09943023002274308,-0.004911247712402454,-18.443495699347423,0.34285714285714286,35,-0.2950040867188497,-0.007961864610197586
KRW-BTC,20,2.0,1.2,18,True,25,25,40,0.03,0.01,-13.743128052677182,54,False,-9.96800243973158,0.1875,16,-0.10466727287417192,-0.003996249999999944,-17.518253665622783,0.15789473684210525,38,-0.2273656207181868,-0.0059111489870825136
KRW-BTC,20,2.0,1.2,18,True,25,25,40,0.03,0.015,-11.44008036281144,49,False,-4.111029655802691,0.35714285714285715,14,-0.06897386603960018,-0.0020872739839729025,-18.76913106982019,0.22857142857142856,35,-0.2838379555837671,-0.007559936710124096
KRW-BTC,20,2.0,1.2,18,True,25,25,40,0.03,0.02,-10.849817275195727,49,False,-9.324709064210685,0.35714285714285715,14,-0.10611709158138762,-0.005296738269687177,-12.37492548618077,0.34285714285714286,35,-0.2784163389747057,-0.006246778523208942
KRW-BTC,20,2.0,1.2,18,True,25,25,40,0.04,0.01,-16.413924982954256,54,False,-14.624018462171655,0.125,16,-0.11318721545211625,-0.005740399607367128,-18.20383150373686,0.15789473684210525,38,-0.23324504166748286,-0.006028675123553027
KRW-BTC,20,2.0,1.2,18,True,25,25,40,0.04,0.015,-13.232296211803824,49,False,-8.710751621462306,0.2857142857142857,14,-0.08249087207741654,-0.004437194963821101,-17.75384080214534,0.22857142857142856,35,-0.2890435934230267,-0.00739216390448684
KRW-BTC,20,2.0,1.2,18,True,25,25,40,0.04,0.02,-13.822123052785555,49,False,-14.155879189994259,0.2857142857142857,14,-0.12356643737383649,-0.008003266392392528,-13.48836691557685,0.34285714285714286,35,-0.2929673226120157,-0.006654425175141245
KRW-BTC,20,2.0,1.2,18,True,25,25,40,0.05,0.01,-14.903732229362442,54,False,-11.603632954988022,0.125,16,-0.11318721545211613,-0.005116337107367121,-18.20383150373686,0.15789473684210525,38,-0.23324504166748286,-0.006028675123553027
KRW-BTC,20,2.0,1.2,18,True,25,25,40,0.05,0.015,-13.737459527504896,49,False,-6.750760853823185,0.2857142857142857,14,-0.08249087207741648,-0.0037239806781068072,-20.724158201186608,0.22857142857142856,35,-0.2890435934230267,-0.007941556092047141
KRW-BTC,20,2.0,1.2,18,True,25,25,40,0.05,0.02,-13.735015019418539,49,False,-12.020102050462128,0.2857142857142857,14,-0.12356643737383641,-0.007290052106678235,-15.449927988374949,0.34285714285714286,35,-0.2929673226120157,-0.007203817362701546
KRW-BTC,20,2.0,1.2,18,True,25,25,45,0.02,0.01,-17.231504507633687,63,False,-7.885120920750751,0.30434782608695654,23,-0.10391486074824816,-0.0027081507814623517,-26.577888094516624,0.175,40,-0.23520591335146498,-0.006917184181958089
KRW-BTC,20,2.0,1.2,18,True,25,25,45,0.02,0.015,-18.986324952083365,56,False,-11.581254293584779,0.3684210526315789,19,-0.11002316327176513,-0.0046815136890410915,-26.39139561058195,0.24324324324324326,37,-0.2807099092665884,-0.008693351097933287
KRW-BTC,20,2.0,1.2,18,True,25,25,45,0.02,0.02,-15.600514948256711,56,False,-11.92397213452616,0.42105263157894735,19,-0.13564832537812294,-0.005732566320620022,-19.277057761987262,0.35135135135135137,37,-0.2823008780691781,-0.008125836596797326
KRW-BTC,20,2.0,1.2,18,True,25,25,45,0.03,0.01,-13.510327088120064,62,False,-7.893698780928359,0.22727272727272727,22,-0.13943747586934946,-0.003177940158338037,-19.126955395311768,0.175,40,-0.21344364536339952,-0.006072802481658108
KRW-BTC,20,2.0,1.2,18,True,25,25,45,0.03,0.015,-13.238934566415246,56,False,-6.140415035466979,0.3684210526315789,19,-0.11002316327176516,-0.0029457075565904544,-20.337454097363512,0.24324324324324326,37,-0.27093354620236615,-0.007780506016527898
KRW-BTC,20,2.0,1.2,18,True,25,25,45,0.03,0.02,-12.518808008726117,56,False,-11.31730370244282,0.3684210526315789,19,-0.1455287298372787,-0.006098865451327288,-13.720312315009414,0.35135135135135137,37,-0.26541423835041106,-0.0066732617856622095
KRW-BTC,20,2.0,1.2,18,True,25,25,45,0.04,0.01,-14.622263276221023,62,False,-9.36813743536611,0.18181818181818182,22,-0.14932103645899006,-0.003992548963695995,-19.876389117075934,0.175,40,-0.21942900665880372,-0.006184452311305095
KRW-BTC,20,2.0,1.2,18,True,25,25,45,0.04,0.015,-13.719073312355484,56,False,-8.198370412531794,0.3157894736842105,19,-0.12468775659895462,-0.004151701962794397,-19.239776212179173,0.24324324324324326,37,-0.27623298359759607,-0.0076218020111953584
KRW-BTC,20,2.0,1.2,18,True,25,25,45,0.04,0.02,-14.166019661665967,56,False,-13.468556418172259,0.3157894736842105,19,-0.16387422800767223,-0.007567623015425976,-14.863482905159675,0.35135135135135137,37,-0.2802274138355322,-0.007058873483436008
KRW-BTC,20,2.0,1.2,18,True,25,25,45,0.05,0.01,-13.38679194547616,62,False,-6.897194773876385,0.18181818181818182,22,-0.14932103645899006,-0.0032755546903529514,-19.876389117075934,0.175,40,-0.21942900665880372,-0.006184452311305095
KRW-BTC,20,2.0,1.2,18,True,25,25,45,0.05,0.015,-14.212511383401264,56,False,-5.99076063670452,0.3157894736842105,19,-0.12468775659895455,-0.003321498067344558,-22.434262130098006,0.24324324324324326,37,-0.27623298359759607,-0.008141497323752401
KRW-BTC,20,2.0,1.2,18,True,25,25,45,0.05,0.02,-13.993468680543899,56,False,-11.070173332226393,0.3157894736842105,19,-0.1638742280076723,-0.006737419119976137,-16.916764028861405,0.35135135135135137,37,-0.2802274138355322,-0.007578568795993049
KRW-ETH,20,2.0,1.2,18,True,15,20,40,0.02,0.01,2.932836475226818,13,False,-22.614382797416482,0.16666666666666666,6,-0.04515461097704827,-0.006492499999999984,28.480055747870118,0.7142857142857143,7,-0.011484999999999992,0.009911428571428666
KRW-ETH,20,2.0,1.2,18,True,15,20,40,0.02,0.015,11.095653520247142,13,False,1.2930704675550935,0.5,6,-0.03268349199374973,0.000567535486857325,20.89823657293919,0.7142857142857143,7,-0.01647750000000006,0.008485000000000086
KRW-ETH,20,2.0,1.2,18,True,15,20,40,0.02,0.02,9.697158640341497,13,False,4.182445193993755,0.6666666666666666,6,-0.04247903910000002,0.001882382743322077,15.211872086689239,0.7142857142857143,7,-0.021469999999999944,0.007058571428571509
KRW-ETH,20,2.0,1.2,18,True,15,20,40,0.03,0.01,-223293899.75525793,13,False,-446587818.93205225,0.0,6,-0.056121010269976825,-0.011485000000000007,19.42153636737041,0.5714285714285714,7,-0.011485000000000129,0.009034782776846344
KRW-ETH,20,2.0,1.2,18,True,15,20,40,0.03,0.015,0.7948284904087233,13,False,-11.475554794602935,0.3333333333333333,6,-0.03268349199374973,-0.004227569498644768,13.065211775420382,0.5714285714285714,7,-0.016477500000000107,0.006895139919703475
KRW-ETH,20,2.0,1.2,18,True,15,20,40,0.03,0.02,0.3151886926024665,13,False,-7.422795353668529,0.5,6,-0.04247903910000002,-0.0029127222421800165,8.053172738873462,0.5714285714285714,7,-0.021470000000000173,0.004755497062560607
KRW-ETH,20,2.0,1.2,18,True,15,20,40,0.04,0.01,-223293899.50069013,13,False,-446587818.93205225,0.0,6,-0.056121010269976825,-0.011485000000000007,19.930672002190406,0.5714285714285714,7,-0.011485000000000035,0.009975081661329693
KRW-ETH,20,2.0,1.2,18,True,15,20,40,0.04,0.015,1.2396743703904471,13,False,-11.475554794602935,0.3333333333333333,6,-0.03268349199374973,-0.004227569498644768,13.95490353538383,0.5714285714285714,7,-0.016477500000000145,0.007835438804186823
KRW-ETH,20,2.0,1.2,18,True,15,20,40,0.04,0.02,0.8599735315899522,13,False,-7.422795353668529,0.5,6,-0.04247903910000002,-0.0029127222421800165,9.142742416848433,0.5714285714285714,7,-0.021470000000000017,0.005695795947043954
KRW-ETH,20,2.0,1.2,18,True,15,20,40,0.05,0.01,-223293899.5827473,13,False,-446587818.93205225,0.0,6,-0.056121010269976825,-0.011485000000000007,19.766557608334463,0.5714285714285714,7,-0.011485000000000177,0.009673160722309292
KRW-ETH,20,2.0,1.2,18,True,15,20,40,0.05,0.015,1.1006841794577733,13,False,-11.475554794602935,0.3333333333333333,6,-0.03268349199374973,-0.004227569498644768,13.676923153518482,0.5714285714285714,7,-0.01647750000000013,0.007533517865166422
KRW-ETH,20,2.0,1.2,18,True,15,20,40,0.05,0.02,0.6903608918544459,13,False,-7.422795353668529,0.5,6,-0.04247903910000002,-0.0029127222421800165,8.80351713737742,0.5714285714285714,7,-0.021470000000000183,0.005393875008023553
KRW-ETH,20,2.0,1.2,18,True,15,20,45,0.02,0.01,7.477987167606617,16,False,-8.408964283584716,0.2857142857142857,7,-0.04515461097704836,-0.0029264285714285486,23.36493861879795,0.6666666666666666,9,-0.02283809477499979,0.008485000000000083
KRW-ETH,20,2.0,1.2,18,True,15,20,45,0.02,0.015,11.624154704942919,16,False,7.149140748416023,0.5714285714285714,7,-0.032683491993749765,0.003125030417306289,16.099168661469815,0.6666666666666666,9,-0.03268349199374987,0.006820833333333418
KRW-ETH,20,2.0,1.2,18,True,15,20,45,0.02,0.02,10.128259852299209,16,False,9.606678607600893,0.7142857142857143,7,-0.04247903909999997,0.004252042351418934,10.649841096997525,0.6666666666666666,9,-0.042479039100000074,0.00515666666666673
KRW-ETH,20,2.0,1.2,18,True,15,20,45,0.03,0.01,-223293900.81062928,16,False,-446587820.329271,0.0,7,-0.0669614604670261,-0.011485000000000004,18.70801244204668,0.5555555555555556,9,-0.022838094774999762,0.008912608826436078
KRW-ETH,20,2.0,1.2,18,True,15,20,45,0.03,0.015,-2.1328927165649016,16,False,-16.676452468391382,0.2857142857142857,7,-0.0486224497544227,-0.005977559570266931,12.410667035261579,0.5555555555555556,9,-0.03268349199374999,0.006693719937547185
KRW-ETH,20,2.0,1.2,18,True,15,20,45,0.03,0.02,-3.243808363514963,16,False,-13.91499599979602,0.42857142857142855,7,-0.06303701413052298,-0.005563761921868587,7.427379272766093,0.5555555555555556,9,-0.04247903910000009,0.004474831048658272
KRW-ETH,20,2.0,1.2,18,True,15,20,45,0.04,0.01,-223293900.14243564,16,False,-446587820.329271,0.0,7,-0.0669614604670261,-0.011485000000000004,20.044399728272406,0.5555555555555556,9,-0.02283809477499996,0.0107533968477009
KRW-ETH,20,2.0,1.2,18,True,15,20,45,0.04,0.015,-1.19782047384889,16,False,-16.676452468391382,0.2857142857142857,7,-0.0486224497544227,-0.005977559570266931,14.280811520693602,0.5555555555555556,9,-0.03268349199374977,0.008534507958812007
KRW-ETH,20,2.0,1.2,18,True,15,20,45,0.04,0.02,-2.167612927714619,16,False,-13.91499599979602,0.42857142857142855,7,-0.06303701413052298,-0.005563761921868587,9.579770144366782,0.5555555555555556,9,-0.04247903910000016,0.006315619069923096
KRW-ETH,20,2.0,1.2,18,True,15,20,45,0.05,0.01,-223293899.9972595,16,False,-446587820.329271,0.0,7,-0.0669614604670261,-0.011485000000000004,20.33475202935195,0.5555555555555556,9,-0.022838094774999967,0.011628013895129475
KRW-ETH,20,2.0,1.2,18,True,15,20,45,0.05,0.015,-0.8893830141145287,16,False,-16.676452468391382,0.2857142857142857,7,-0.0486224497544227,-0.005977559570266931,14.897686440162325,0.5555555555555556,9,-0.03268349199374973,0.009409125006240585
KRW-ETH,20,2.0,1.2,18,True,15,20,45,0.05,0.02,-1.762683323435378,16,False,-13.91499599979602,0.42857142857142855,7,-0.06303701413052298,-0.005563761921868587,10.389629352925263,0.5555555555555556,9,-0.04247903909999986,0.007190236117351671
KRW-ETH,20,2.0,1.2,18,True,15,25,40,0.02,0.01,2.932836475226818,13,False,-22.614382797416482,0.16666666666666666,6,-0.04515461097704827,-0.006492499999999984,28.480055747870118,0.7142857142857143,7,-0.011484999999999992,0.009911428571428666
KRW-ETH,20,2.0,1.2,18,True,15,25,40,0.02,0.015,11.095653520247142,13,False,1.2930704675550935,0.5,6,-0.03268349199374973,0.000567535486857325,20.89823657293919,0.7142857142857143,7,-0.01647750000000006,0.008485000000000086
KRW-ETH,20,2.0,1.2,18,True,15,25,40,0.02,0.02,9.697158640341497,13,False,4.182445193993755,0.6666666666666666,6,-0.04247903910000002,0.001882382743322077,15.211872086689239,0.7142857142857143,7,-0.021469999999999944,0.007058571428571509
KRW-ETH,20,2.0,1.2,18,True,15,25,40,0.03,0.01,-223293899.75525793,13,False,-446587818.93205225,0.0,6,-0.056121010269976825,-0.011485000000000007,19.42153636737041,0.5714285714285714,7,-0.011485000000000129,0.009034782776846344
KRW-ETH,20,2.0,1.2,18,True,15,25,40,0.03,0.015,0.7948284904087233,13,False,-11.475554794602935,0.3333333333333333,6,-0.03268349199374973,-0.004227569498644768,13.065211775420382,0.5714285714285714,7,-0.016477500000000107,0.006895139919703475
KRW-ETH,20,2.0,1.2,18,True,15,25,40,0.03,0.02,0.3151886926024665,13,False,-7.422795353668529,0.5,6,-0.04247903910000002,-0.0029127222421800165,8.053172738873462,0.5714285714285714,7,-0.021470000000000173,0.004755497062560607
KRW-ETH,20,2.0,1.2,18,True,15,25,40,0.04,0.01,-223293899.50069013,13,False,-446587818.93205225,0.0,6,-0.056121010269976825,-0.011485000000000007,19.930672002190406,0.5714285714285714,7,-0.011485000000000035,0.009975081661329693
KRW-ETH,20,2.0,1.2,18,True,15,25,40,0.04,0.015,1.2396743703904471,13,False,-11.475554794602935,0.3333333333333333,6,-0.03268349199374973,-0.004227569498644768,13.95490353538383,0.5714285714285714,7,-0.016477500000000145,0.007835438804186823
KRW-ETH,20,2.0,1.2,18,True,15,25,40,0.04,0.02,0.8599735315899522,13,False,-7.422795353668529,0.5,6,-0.04247903910000002,-0.0029127222421800165,9.142742416848433,0.5714285714285714,7,-0.021470000000000017,0.005695795947043954
KRW-ETH,20,2.0,1.2,18,True,15,25,40,0.05,0.01,-223293899.5827473,13,False,-446587818.93205225,0.0,6,-0.056121010269976825,-0.011485000000000007,19.766557608334463,0.5714285714285714,7,-0.011485000000000177,0.009673160722309292
KRW-ETH,20,2.0,1.2,18,True,15,25,40,0.05,0.015,1.1006841794577733,13,False,-11.475554794602935,0.3333333333333333,6,-0.03268349199374973,-0.004227569498644768,13.676923153518482,0.5714285714285714,7,-0.01647750000000013,0.007533517865166422
KRW-ETH,20,2.0,1.2,18,True,15,25,40,0.05,0.02,0.6903608918544459,13,False,-7.422795353668529,0.5,6,-0.04247903910000002,-0.0029127222421800165,8.80351713737742,0.5714285714285714,7,-0.021470000000000183,0.005393875008023553
KRW-ETH,20,2.0,1.2,18,True,15,25,45,0.02,0.01,7.477987167606617,16,False,-8.408964283584716,0.2857142857142857,7,-0.04515461097704836,-0.0029264285714285486,23.36493861879795,0.6666666666666666,9,-0.02283809477499979,0.008485000000000083
KRW-ETH,20,2.0,1.2,18,True,15,25,45,0.02,0.015,11.624154704942919,16,False,7.149140748416023,0.5714285714285714,7,-0.032683491993749765,0.003125030417306289,16.099168661469815,0.6666666666666666,9,-0.03268349199374987,0.006820833333333418
KRW-ETH,20,2.0,1.2,18,True,15,25,45,0.02,0.02,10.128259852299209,16,False,9.606678607600893,0.7142857142857143,7,-0.04247903909999997,0.004252042351418934,10.649841096997525,0.6666666666666666,9,-0.042479039100000074,0.00515666666666673
KRW-ETH,20,2.0,1.2,18,True,15,25,45,0.03,0.01,-223293900.81062928,16,False,-446587820.329271,0.0,7,-0.0669614604670261,-0.011485000000000004,18.70801244204668,0.5555555555555556,9,-0.022838094774999762,0.008912608826436078
KRW-ETH,20,2.0,1.2,18,True,15,25,45,0.03,0.015,-2.1328927165649016,16,False,-16.676452468391382,0.2857142857142857,7,-0.0486224497544227,-0.005977559570266931,12.410667035261579,0.5555555555555556,9,-0.03268349199374999,0.006693719937547185
KRW-ETH,20,2.0,1.2,18,True,15,25,45,0.03,0.02,-3.243808363514963,16,False,-13.91499599979602,0.42857142857142855,7,-0.06303701413052298,-0.005563761921868587,7.427379272766093,0.5555555555555556,9,-0.04247903910000009,0.004474831048658272
KRW-ETH,20,2.0,1.2,18,True,15,25,45,0.04,0.01,-223293900.14243564,16,False,-446587820.329271,0.0,7,-0.0669614604670261,-0.011485000000000004,20.044399728272406,0.5555555555555556,9,-0.02283809477499996,0.0107533968477009
KRW-ETH,20,2.0,1.2,18,True,15,25,45,0.04,0.015,-1.19782047384889,16,False,-16.676452468391382,0.2857142857142857,7,-0.0486224497544227,-0.005977559570266931,14.280811520693602,0.5555555555555556,9,-0.03268349199374977,0.008534507958812007
KRW-ETH,20,2.0,1.2,18,True,15,25,45,0.04,0.02,-2.167612927714619,16,False,-13.91499599979602,0.42857142857142855,7,-0.06303701413052298,-0.005563761921868587,9.579770144366782,0.5555555555555556,9,-0.04247903910000016,0.006315619069923096
KRW-ETH,20,2.0,1.2,18,True,15,25,45,0.05,0.01,-223293899.9972595,16,False,-446587820.329271,0.0,7,-0.0669614604670261,-0.011485000000000004,20.33475202935195,0.5555555555555556,9,-0.022838094774999967,0.011628013895129475
KRW-ETH,20,2.0,1.2,18,True,15,25,45,0.05,0.015,-0.8893830141145287,16,False,-16.676452468391382,0.2857142857142857,7,-0.0486224497544227,-0.005977559570266931,14.897686440162325,0.5555555555555556,9,-0.03268349199374973,0.009409125006240585
KRW-ETH,20,2.0,1.2,18,True,15,25,45,0.05,0.02,-1.762683323435378,16,False,-13.91499599979602,0.42857142857142855,7,-0.06303701413052298,-0.005563761921868587,10.389629352925263,0.5555555555555556,9,-0.04247903909999986,0.007190236117351671
KRW-ETH,20,2.0,1.2,18,True,20,20,40,0.02,0.01,-16.500848894796345,36,False,-35.24209341205486,0.10526315789473684,19,-0.16874892325143895,-0.008331842105263138,2.240395622462168,0.4117647058823529,17,-0.0606421098210496,0.0008494117647059649
KRW-ETH,20,2.0,1.2,18,True,20,20,40,0.02,0.015,-11.863212860333043,36,False,-19.00736520819467,0.2631578947368421,19,-0.1793761456549782,-0.007416173004150272,-4.719060512471417,0.4117647058823529,17,-0.09335277026683025,-0.0020873529411764243
KRW-ETH,20,2.0,1.2,18,True,20,20,40,0.02,0.02,-11.458122946054797,36,False,-12.97759318992508,0.42105263157894735,19,-0.17485172491915832,-0.00613310967046793,-9.938652702184513,0.4117647058823529,17,-0.12805389677403367,-0.0050241176470587545
KRW-ETH,20,2.0,1.2,18,True,20,20,40,0.03,0.01,-18.65520633857009,36,False,-40.90929346095782,0.05263157894736842,19,-0.16874892325143895,-0.009382894736842097,3.5988807838176418,0.35294117647058826,17,-0.05143271874086384,0.0016631458492897256
KRW-ETH,20,2.0,1.2,18,True,20,20,40,0.03,0.015,-11.172078725819095,36,False,-19.347315667129504,0.21052631578947367,19,-0.17133081374963452,-0.00787936405220357,-2.996841784508686,0.35294117647058826,17,-0.08446407193611283,-0.0015672953271809
KRW-ETH,20,2.0,1.2,18,True,20,20,40,0.03,0.02,-10.078584028194829,36,False,-11.941041708289633,0.3684210526315789,19,-0.15859303630020646,-0.0060707744027317465,-8.216126348100023,0.35294117647058826,17,-0.1244169801347877,-0.004797736503651467
KRW-ETH,20,2.0,1.2,18,True,20,20,40,0.04,0.01,-223293905.03632766,36,False,-446587810.66876006,0.0,19,-0.18773311412404334,-0.011484999999999993,0.596104738349707,0.29411764705882354,17,-0.06696146046702568,0.000288268919371095
KRW-ETH,20,2.0,1.2,18,True,20,20,40,0.04,0.015,-15.583423768800737,36,False,-25.180290810585984,0.15789473684210525,19,-0.16328548184429104,-0.009718706157466719,-5.986556727015491,0.29411764705882354,17,-0.11334505272717632,-0.0032358487276877663
KRW-ETH,20,2.0,1.2,18,True,20,20,40,0.04,0.02,-13.191172371105496,36,False,-15.073400467017251,0.3157894736842105,19,-0.14478644800929277,-0.007813690804973744,-11.308944275193742,0.29411764705882354,17,-0.16161608244549316,-0.00675996637474657
KRW-ETH,20,2.0,1.2,18,True,20,20,40,0.05,0.01,-223293905.3500023,36,False,-446587810.66876006,0.0,19,-0.18773311412404334,-0.011484999999999993,-0.031244489485024007,0.29411764705882354,17,-0.06696146046702593,-1.4623060819772997e-05
KRW-ETH,20,2.0,1.2,18,True,20,20,40,0.05,0.015,-18.187360939244122,36,False,-29.63805250666219,0.15789473684210525,19,-0.1711891193433465,-0.010234976902425726,-6.7366693718260535,0.29411764705882354,17,-0.11593704993111627,-0.0035387407078786336
KRW-ETH,20,2.0,1.2,18,True,20,20,40,0.05,0.02,-14.555691782590198,36,False,-16.992835185716654,0.3157894736842105,19,-0.15286482809299567,-0.00832996154993275,-12.118548379463743,0.29411764705882354,17,-0.16406696683610492,-0.007062858354937438
KRW-ETH,20,2.0,1.2,18,True,20,20,45,0.02,0.01,-9.635940067360835,37,False,-24.048156315762046,0.15789473684210525,19,-0.1590910843552593,-0.006755263157894707,4.776276181040378,0.4444444444444444,18,-0.06064210982104995,0.0018283333333334163
KRW-ETH,20,2.0,1.2,18,True,20,20,45,0.02,0.015,-7.811984213308043,37,False,-13.507329801785518,0.3157894736842105,19,-0.16562777735636758,-0.005576830898887121,-2.116638624830568,0.4444444444444444,18,-0.09335277026682993,-0.0009452777777777193
KRW-ETH,20,2.0,1.2,18,True,20,20,45,0.02,0.02,-7.815914717651518,37,False,-8.3455046192408,0.47368421052631576,19,-0.15674708483046848,-0.004031004407310021,-7.286324816062238,0.4444444444444444,18,-0.12805389677403342,-0.003718888888888831
KRW-ETH,20,2.0,1.2,18,True,20,20,45,0.03,0.01,-17.144390223636428,37,False,-40.90929346095781,0.05263157894736842,19,-0.16874892325143873,-0.009382894736842092,6.6205130136849535,0.3888888888888889,18,-0.05143271874086391,0.0031515821909958667
KRW-ETH,20,2.0,1.2,18,True,20,20,45,0.03,0.015,-9.580178294298548,37,False,-19.34731566712951,0.21052631578947367,19,-0.17133081374963463,-0.007879364052203575,0.1869590785324146,0.3888888888888889,18,-0.0844640719361127,0.0001006099687736182
KRW-ETH,20,2.0,1.2,18,True,20,20,45,0.03,0.02,-8.427739591493902,37,False,-11.94104170828962,0.3684210526315789,19,-0.15859303630020635,-0.006070774402731738,-4.914437474698185,0.3888888888888889,18,-0.12441698013478768,-0.0029503622534486056
KRW-ETH,20,2.0,1.2,18,True,20,20,45,0.04,0.01,-223293902.2655255,37,False,-446587809.15312505,0.0,19,-0.18773311412404312,-0.011484999999999988,4.622074094600216,0.3333333333333333,18,-0.06696146046702572,0.002407809534961603
KRW-ETH,20,2.0,1.2,18,True,20,20,45,0.04,0.015,-13.383933367356128,37,False,-25.180290810585998,0.15789473684210525,19,-0.16328548184429104,-0.009718706157466728,-1.587575924126258,0.3333333333333333,18,-0.1133450527271758,-0.0009205237983717566
KRW-ETH,20,2.0,1.2,18,True,20,20,45,0.04,0.02,-10.861170672206592,37,False,-15.07340046701724,0.3157894736842105,19,-0.14478644800929255,-0.007813690804973735,-6.648940877395944,0.3333333333333333,18,-0.16161608244549322,-0.004248857131705092
KRW-ETH,20,2.0,1.2,18,True,20,20,45,0.05,0.01,-223293902.08420208,37,False,-446587809.15312505,0.0,19,-0.18773311412404312,-0.011484999999999988,4.984720910160497,0.3333333333333333,18,-0.06696146046702578,0.0026764671092257826
KRW-ETH,20,2.0,1.2,18,True,20,20,45,0.05,0.015,-15.366593952684186,37,False,-29.63805250666221,0.15789473684210525,19,-0.1711891193433466,-0.010234976902425735,-1.0951353987061625,0.3333333333333333,18,-0.11593704993111592,-0.0006518662241075768
KRW-ETH,20,2.0,1.2,18,True,20,20,45,0.05,0.02,-11.539636724425135,37,False,-16.99283518571664,0.3157894736842105,19,-0.15286482809299556,-0.008329961549932742,-6.086438263133629,0.3333333333333333,18,-0.16406696683610505,-0.003980199557440912
KRW-ETH,20,2.0,1.2,18,True,20,25,40,0.02,0.01,-16.500848894796345,36,False,-35.24209341205486,0.10526315789473684,19,-0.16874892325143895,-0.008331842105263138,2.240395622462168,0.4117647058823529,17,-0.0606421098210496,0.0008494117647059649
KRW-ETH,20,2.0,1.2,18,True,20,25,40,0.02,0.015,-11.863212860333043,36,False,-19.00736520819467,0.2631578947368421,19,-0.1793761456549782,-0.007416173004150272,-4.719060512471417,0.4117647058823529,17,-0.09335277026683025,-0.0020873529411764243
KRW-ETH,20,2.0,1.2,18,True,20,25,40,0.02,0.02,-11.458122946054797,36,False,-12.97759318992508,0.42105263157894735,19,-0.17485172491915832,-0.00613310967046793,-9.938652702184513,0.4117647058823529,17,-0.12805389677403367,-0.0050241176470587545
KRW-ETH,20,2.0,1.2,18,True,20,25,40,0.03,0.01,-18.65520633857009,36,False,-40.90929346095782,0.05263157894736842,19,-0.16874892325143895,-0.009382894736842097,3.5988807838176418,0.35294117647058826,17,-0.05143271874086384,0.0016631458492897256
KRW-ETH,20,2.0,1.2,18,True,20,25,40,0.03,0.015,-11.172078725819095,36,False,-19.347315667129504,0.21052631578947367,19,-0.17133081374963452,-0.00787936405220357,-2.996841784508686,0.35294117647058826,17,-0.08446407193611283,-0.0015672953271809
KRW-ETH,20,2.0,1.2,18,True,20,25,40,0.03,0.02,-10.078584028194829,36,False,-11.941041708289633,0.3684210526315789,19,-0.15859303630020646,-0.0060707744027317465,-8.216126348100023,0.35294117647058826,17,-0.1244169801347877,-0.004797736503651467
KRW-ETH,20,2.0,1.2,18,True,20,25,40,0.04,0.01,-223293905.03632766,36,False,-446587810.66876006,0.0,19,-0.18773311412404334,-0.011484999999999993,0.596104738349707,0.29411764705882354,17,-0.06696146046702568,0.000288268919371095
KRW-ETH,20,2.0,1.2,18,True,20,25,40,0.04,0.015,-15.583423768800737,36,False,-25.180290810585984,0.15789473684210525,19,-0.16328548184429104,-0.009718706157466719,-5.986556727015491,0.29411764705882354,17,-0.11334505272717632,-0.0032358487276877663
KRW-ETH,20,2.0,1.2,18,True,20,25,40,0.04,0.02,-13.191172371105496,36,False,-15.073400467017251,0.3157894736842105,19,-0.14478644800929277,-0.007813690804973744,-11.308944275193742,0.29411764705882354,17,-0.16161608244549316,-0.00675996637474657
KRW-ETH,20,2.0,1.2,18,True,20,25,40,0.05,0.01,-223293905.3500023,36,False,-446587810.66876006,0.0,19,-0.18773311412404334,-0.011484999999999993,-0.031244489485024007,0.29411764705882354,17,-0.06696146046702593,-1.4623060819772997e-05
KRW-ETH,20,2.0,1.2,18,True,20,25,40,0.05,0.015,-18.187360939244122,36,False,-29.63805250666219,0.15789473684210525,19,-0.1711891193433465,-0.010234976902425726,-6.7366693718260535,0.29411764705882354,17,-0.11593704993111627,-0.0035387407078786336
KRW-ETH,20,2.0,1.2,18,True,20,25,40,0.05,0.02,-14.555691782590198,36,False,-16.992835185716654,0.3157894736842105,19,-0.15286482809299567,-0.00832996154993275,-12.118548379463743,0.29411764705882354,17,-0.16406696683610492,-0.007062858354937438
KRW-ETH,20,2.0,1.2,18,True,20,25,45,0.02,0.01,-9.635940067360835,37,False,-24.048156315762046,0.15789473684210525,19,-0.1590910843552593,-0.006755263157894707,4.776276181040378,0.4444444444444444,18,-0.06064210982104995,0.0018283333333334163
KRW-ETH,20,2.0,1.2,18,True,20,25,45,0.02,0.015,-7.811984213308043,37,False,-13.507329801785518,0.3157894736842105,19,-0.16562777735636758,-0.005576830898887121,-2.116638624830568,0.4444444444444444,18,-0.09335277026682993,-0.0009452777777777193
KRW-ETH,20,2.0,1.2,18,True,20,25,45,0.02,0.02,-7.815914717651518,37,False,-8.3455046192408,0.47368421052631576,19,-0.15674708483046848,-0.004031004407310021,-7.286324816062238,0.4444444444444444,18,-0.12805389677403342,-0.003718888888888831
KRW-ETH,20,2.0,1.2,18,True,20,25,45,0.03,0.01,-17.144390223636428,37,False,-40.90929346095781,0.05263157894736842,19,-0.16874892325143873,-0.009382894736842092,6.6205130136849535,0.3888888888888889,18,-0.05143271874086391,0.0031515821909958667
KRW-ETH,20,2.0,1.2,18,True,20,25,45,0.03,0.015,-9.580178294298548,37,False,-19.34731566712951,0.21052631578947367,19,-0.17133081374963463,-0.007879364052203575,0.1869590785324146,0.3888888888888889,18,-0.0844640719361127,0.0001006099687736182
KRW-ETH,20,2.0,1.2,18,True,20,25,45,0.03,0.02,-8.427739591493902,37,False,-11.94104170828962,0.3684210526315789,19,-0.15859303630020635,-0.006070774402731738,-4.914437474698185,0.3888888888888889,18,-0.12441698013478768,-0.0029503622534486056
KRW-ETH,20,2.0,1.2,18,True,20,25,45,0.04,0.01,-223293902.2655255,37,False,-446587809.15312505,0.0,19,-0.18773311412404312,-0.011484999999999988,4.622074094600216,0.3333333333333333,18,-0.06696146046702572,0.002407809534961603
KRW-ETH,20,2.0,1.2,18,True,20,25,45,0.04,0.015,-13.383933367356128,37,False,-25.180290810585998,0.15789473684210525,19,-0.16328548184429104,-0.009718706157466728,-1.587575924126258,0.3333333333333333,18,-0.1133450527271758,-0.0009205237983717566
KRW-ETH,20,2.0,1.2,18,True,20,25,45,0.04,0.02,-10.861170672206592,37,False,-15.07340046701724,0.3157894736842105,19,-0.14478644800929255,-0.007813690804973735,-6.648940877395944,0.3333333333333333,18,-0.16161608244549322,-0.004248857131705092
KRW-ETH,20,2.0,1.2,18,True,20,25,45,0.05,0.01,-223293902.08420208,37,False,-446587809.15312505,0.0,19,-0.18773311412404312,-0.011484999999999988,4.984720910160497,0.3333333333333333,18,-0.06696146046702578,0.0026764671092257826
KRW-ETH,20,2.0,1.2,18,True,20,25,45,0.05,0.015,-15.366593952684186,37,False,-29.63805250666221,0.15789473684210525,19,-0.1711891193433466,-0.010234976902425735,-1.0951353987061625,0.3333333333333333,18,-0.11593704993111592,-0.0006518662241075768
KRW-ETH,20,2.0,1.2,18,True,20,25,45,0.05,0.02,-11.539636724425135,37,False,-16.99283518571664,0.3157894736842105,19,-0.15286482809299556,-0.008329961549932742,-6.086438263133629,0.3333333333333333,18,-0.16406696683610505,-0.003980199557440912
KRW-ETH,20,2.0,1.2,18,True,25,20,40,0.02,0.01,-22.520437152590866,53,False,-40.9103607013874,0.08695652173913043,23,-0.20628374224627236,-0.008880217391304316,-4.130513603794332,0.3333333333333333,30,-0.1235428860486565,-0.0014999999999999285
KRW-ETH,20,2.0,1.2,18,True,25,20,40,0.02,0.015,-17.483495865406297,52,False,-24.604720530979485,0.21739130434782608,23,-0.21927688778014995,-0.008992055959950224,-10.362271199833112,0.3448275862068966,29,-0.16562777735636802,-0.004426637931034436
KRW-ETH,20,2.0,1.2,18,True,25,20,40,0.02,0.02,-13.56978680675435,52,False,-19.349648858661894,0.34782608695652173,23,-0.22949259531228125,-0.00880039494516916,-7.789924754846806,0.4482758620689655,29,-0.1695775373696727,-0.0039180050290872235
KRW-ETH,20,2.0,1.2,18,True,25,20,40,0.03,0.01,-26.54794575719769,53,False,-46.53943482184659,0.043478260869565216,23,-0.20628374224627236,-0.009748478260869543,-6.556456692548791,0.23333333333333334,30,-0.1299929474254461,-0.0027030506854024638
KRW-ETH,20,2.0,1.2,18,True,25,20,40,0.03,0.015,-18.908829682673584,52,False,-24.701135105544946,0.17391304347826086,23,-0.2129906086489606,-0.009374692043124687,-13.116524259802224,0.2413793103448276,29,-0.18425382163178605,-0.006187638640071549
KRW-ETH,20,2.0,1.2,18,True,25,20,40,0.03,0.02,-14.42154545486796,52,False,-18.007504261946313,0.30434782608695654,23,-0.21699559095451923,-0.008748900593561006,-10.835586647789608,0.3448275862068966,29,-0.19264123992983168,-0.006043158868749658
KRW-ETH,20,2.0,1.2,18,True,25,20,40,0.04,0.01,-223293908.80896968,53,False,-446587809.01689637,0.0,23,-0.2244107093653102,-0.01148499999999998,-8.60104296767542,0.2,30,-0.13840976521319195,-0.0035805928017576395
KRW-ETH,20,2.0,1.2,18,True,25,20,40,0.04,0.015,-22.949915590808242,52,False,-30.52147926184943,0.13043478260869565,23,-0.211433643276628,-0.01089414856486381,-15.378351919767054,0.20689655172413793,29,-0.2163191073146683,-0.007267596001818283
KRW-ETH,20,2.0,1.2,18,True,25,20,40,0.04,0.02,-16.42616016332999,52,False,-20.810551629871792,0.2608695652173913,23,-0.21424936620461008,-0.01018870109976092,-12.041768696788184,0.3103448275862069,29,-0.22916178497858714,-0.006950961058082592
KRW-ETH,20,2.0,1.2,18,True,25,20,40,0.05,0.01,-223293909.14054188,53,False,-446587809.01689637,0.0,23,-0.2244107093653102,-0.01148499999999998,-9.264187398373384,0.2,30,-0.14092848964638696,-0.0037522315905324645
KRW-ETH,20,2.0,1.2,18,True,25,20,40,0.05,0.015,-25.772223504509462,52,False,-35.40858487937157,0.13043478260869565,23,-0.2188824713921366,-0.011320633093308208,-16.135862129647354,0.20689655172413793,29,-0.218610075959088,-0.007445153369516378
KRW-ETH,20,2.0,1.2,18,True,25,20,40,0.05,0.02,-17.217479603786543,52,False,-22.89783459209302,0.2608695652173913,23,-0.22167159689311328,-0.010615185628205319,-11.537124615480064,0.3103448275862069,29,-0.2314152100614463,-0.006784208080953104
KRW-ETH,20,2.0,1.2,18,True,25,20,45,0.02,0.01,-10.720404334111285,60,False,-19.842568851822524,0.18518518518518517,27,-0.2009080035885014,-0.005937777777777737,-1.5982398164000462,0.36363636363636365,33,-0.13360899600238735,-0.0005922727272726585
KRW-ETH,20,2.0,1.2,18,True,25,20,45,0.02,0.015,-12.001904112959497,60,False,-15.285419578473212,0.2962962962962963,27,-0.20485693189744927,-0.006217955076994632,-8.718388647445781,0.36363636363636365,33,-0.19289797521494817,-0.003769318181818125
KRW-ETH,20,2.0,1.2,18,True,25,20,45,0.02,0.02,-9.530792223859837,59,False,-12.997710837183918,0.4074074074074074,27,-0.2199019627974893,-0.006239595694032973,-6.063873610535755,0.46875,32,-0.17801054574709432,-0.0030672545576103
KRW-ETH,20,2.0,1.2,18,True,25,20,45,0.03,0.01,-12.56095618433377,60,False,-21.831485250134136,0.1111111111111111,27,-0.19307376832956522,-0.007047222222222192,-3.290427118533406,0.2727272727272727,33,-0.1399849784242644,-0.001406646162674065
KRW-ETH,20,2.0,1.2,18,True,25,20,45,0.03,0.015,-13.305402056208507,60,False,-16.20643362957487,0.2222222222222222,27,-0.19127756525545658,-0.0070986265552543575,-10.404370482842141,0.2727272727272727,33,-0.21091525532141503,-0.005037555253583172
KRW-ETH,20,2.0,1.2,18,True,25,20,45,0.03,0.02,-10.763631257061387,59,False,-13.233873412615583,0.3333333333333333,27,-0.19947734152370236,-0.00693535976488529,-8.29338910150719,0.375,32,-0.19599005828639524,-0.004705137812497203
KRW-ETH,20,2.0,1.2,18,True,25,20,45,0.04,0.01,-35.345832761213536,60,False,-66.45387204687074,0.037037037037037035,27,-0.23551737954811072,-0.010302718992011729,-4.237793475556331,0.24242424242424243,33,-0.1416084863931501,-0.0019018359654211945
KRW-ETH,20,2.0,1.2,18,True,25,20,45,0.04,0.015,-19.764637392866888,60,False,-28.214813559141604,0.14814814814814814,27,-0.23444364641033805,-0.010354123325043896,-11.314461226592169,0.24242424242424243,33,-0.22851307575353494,-0.005684032935118181
KRW-ETH,20,2.0,1.2,18,True,25,20,45,0.04,0.02,-14.947529649957604,59,False,-21.195717494374104,0.25925925925925924,27,-0.2487349308935914,-0.010307908817734015,-8.699341805541103,0.34375,32,-0.23235912089921304,-0.005215802296580176
KRW-ETH,20,2.0,1.2,18,True,25,20,45,0.05,0.01,-35.13540179773063,60,False,-66.45387204687074,0.037037037037037035,27,-0.23551737954811072,-0.010302718992011729,-3.8169315485905195,0.24242424242424243,33,-0.1441178598647564,-0.0017552954703680059
KRW-ETH,20,2.0,1.2,18,True,25,20,45,0.05,0.015,-21.303636121488005,60,False,-31.813278263374595,0.14814814814814814,27,-0.24167512115181664,-0.010717424960385417,-10.793993979601414,0.24242424242424243,33,-0.2307683972364563,-0.005537492440064993
KRW-ETH,20,2.0,1.2,18,True,25,20,45,0.05,0.02,-15.300495669254126,59,False,-22.995364708266163,0.25925925925925924,27,-0.2558314096125308,-0.01067121045307554,-7.605626630242087,0.34375,32,-0.23460319907007263,-0.004752651161056579
KRW-ETH,20,2.0,1.2,18,True,25,25,40,0.02,0.01,-22.03329651682793,52,False,-40.9103607013874,0.08695652173913043,23,-0.20628374224627236,-0.008880217391304316,-3.1562323322684636,0.3448275862068966,29,-0.12354288604865649,-0.0011556896551723414
KRW-ETH,20,2.0,1.2,18,True,25,25,40,0.02,0.015,-16.942212913551177,51,False,-24.604720530979485,0.21739130434782608,23,-0.21927688778014995,-0.008992055959950224,-9.279705296122872,0.35714285714285715,28,-0.16562777735636805,-0.003996249999999952
KRW-ETH,20,2.0,1.2,18,True,25,25,40,0.02,0.02,-12.936973335378038,51,False,-19.349648858661894,0.34782608695652173,23,-0.22949259531228125,-0.00880039494516916,-6.524297812094185,0.4642857142857143,28,-0.15819879186586874,-0.003291148065840336
KRW-ETH,20,2.0,1.2,18,True,25,25,40,0.03,0.01,-26.146679159098152,52,False,-46.53943482184659,0.043478260869565216,23,-0.20628374224627236,-0.009748478260869543,-5.753923496349716,0.2413793103448276,29,-0.12999294742544593,-0.0024002248469680684
KRW-ETH,20,2.0,1.2,18,True,25,25,40,0.03,0.015,-18.446381538459775,51,False,-24.701135105544946,0.17391304347826086,23,-0.2129906086489606,-0.009374692043124687,-12.191627971374608,0.25,28,-0.184253821631786,-0.005820143591502677
KRW-ETH,20,2.0,1.2,18,True,25,25,40,0.03,0.02,-13.88628434832216,51,False,-18.007504261946313,0.30434782608695654,23,-0.21699559095451923,-0.008748900593561006,-9.76506443469801,0.35714285714285715,28,-0.17492692092202763,-0.005492200256919286
KRW-ETH,20,2.0,1.2,18,True,25,25,40,0.04,0.01,-223293908.43097922,52,False,-446587809.01689637,0.0,23,-0.2244107093653102,-0.01148499999999998,-7.845062099884731,0.20689655172413793,29,-0.13163531802061684,-0.0033080270363010093
KRW-ETH,20,2.0,1.2,18,True,25,25,40,0.04,0.015,-22.506803098081956,51,False,-30.52147926184943,0.13043478260869565,23,-0.211433643276628,-0.01089414856486381,-14.492126934314483,0.21428571428571427,28,-0.20318966502003624,-0.0069386708590260795
KRW-ETH,20,2.0,1.2,18,True,25,25,40,0.04,0.02,-15.921470310675453,51,False,-20.810551629871792,0.2608695652173913,23,-0.21424936620461008,-0.01018870109976092,-11.032388991479115,0.32142857142857145,28,-0.2122487659842694,-0.006432423953014111
KRW-ETH,20,2.0,1.2,18,True,25,25,40,0.05,0.01,-223293908.75674015,52,False,-446587809.01689637,0.0,23,-0.2244107093653102,-0.01148499999999998,-8.496583948398923,0.20689655172413793,29,-0.13417384649171332,-0.003485584403999104
KRW-ETH,20,2.0,1.2,18,True,25,25,40,0.05,0.015,-25.322972575498234,51,False,-35.40858487937157,0.13043478260869565,23,-0.2188824713921366,-0.011320633093308208,-15.237360271624905,0.21428571428571427,28,-0.20551901553760885,-0.00712256956128482
KRW-ETH,20,2.0,1.2,18,True,25,25,40,0.05,0.02,-16.717890651670146,51,False,-22.89783459209302,0.2608695652173913,23,-0.22167159689311328,-0.010615185628205319,-10.537946711247269,0.32142857142857145,28,-0.21455163363560267,-0.006259715512415713
KRW-ETH,20,2.0,1.2,18,True,25,25,45,0.02,0.01,-10.258964914086338,59,False,-19.842568851822524,0.18518518518518517,27,-0.2009080035885014,-0.005937777777777737,-0.6753609763501521,0.375,32,-0.13360899600238751,-0.0002518749999999314
KRW-ETH,20,2.0,1.2,18,True,25,25,45,0.02,0.015,-11.517835826592924,59,False,-15.285419578473212,0.2962962962962963,27,-0.20485693189744927,-0.006217955076994632,-7.750252074712636,0.375,32,-0.1928979752149481,-0.003372187499999944
KRW-ETH,20,2.0,1.2,18,True,25,25,45,0.02,0.02,-8.94019987012325,58,False,-12.997710837183918,0.4074074074074074,27,-0.2199019627974893,-0.006239595694032973,-4.882688903062582,0.4838709677419355,31,-0.17627226380450875,-0.0024736176078557913
KRW-ETH,20,2.0,1.2,18,True,25,25,45,0.03,0.01,-12.18038180305805,59,False,-21.831485250134136,0.1111111111111111,27,-0.19307376832956522,-0.007047222222222192,-2.529278355981965,0.28125,32,-0.1399849784242645,-0.0010916976052576322
KRW-ETH,20,2.0,1.2,18,True,25,25,45,0.03,0.015,-12.890126186043211,59,False,-16.20643362957487,0.2222222222222222,27,-0.19127756525545658,-0.0070986265552543575,-9.573818742511552,0.28125,32,-0.21091525532141533,-0.0046800569802576495
KRW-ETH,20,2.0,1.2,18,True,25,25,45,0.03,0.02,-10.263341208348365,58,False,-13.233873412615583,0.3333333333333333,27,-0.19947734152370236,-0.00693535976488529,-7.292809004081146,0.3870967741935484,31,-0.19050513061088814,-0.004164335806448724
KRW-ETH,20,2.0,1.2,18,True,25,25,45,0.04,0.01,-34.99326496274812,59,False,-66.45387204687074,0.037037037037037035,27,-0.23551737954811072,-0.010302718992011729,-3.532657878625499,0.25,32,-0.1416084863931499,-0.00160236208934061
KRW-ETH,20,2.0,1.2,18,True,25,25,45,0.04,0.015,-19.37286053315762,59,False,-28.214813559141604,0.14814814814814814,27,-0.23444364641033805,-0.010354123325043896,-10.53090750717364,0.25,32,-0.2163826166698359,-0.005346737089340626
KRW-ETH,20,2.0,1.2,18,True,25,25,45,0.04,0.02,-14.479203776567022,58,False,-21.195717494374104,0.25925925925925924,27,-0.2487349308935914,-0.010307908817734015,-7.76269005875994,0.3548387096774194,31,-0.21551625489173853,-0.004691473338405339
KRW-ETH,20,2.0,1.2,18,True,25,25,45,0.05,0.01,-34.78796302482646,59,False,-66.45387204687074,0.037037037037037035,27,-0.23551737954811072,-0.010302718992011729,-3.1220540027821806,0.25,32,-0.14411785986475606,-0.0014512422038170086
KRW-ETH,20,2.0,1.2,18,True,25,25,45,0.05,0.015,-20.916720350268236,59,False,-31.813278263374595,0.14814814814814814,27,-0.24167512115181664,-0.010717424960385417,-10.020162437161877,0.25,32,-0.2186733996545786,-0.005195617203817026
KRW-ETH,20,2.0,1.2,18,True,25,25,45,0.05,0.02,-14.841534055534186,58,False,-22.995364708266163,0.25925925925925924,27,-0.2558314096125308,-0.01067121045307554,-6.687703402802209,0.3548387096774194,31,-0.217809570549776,-0.004213381843671304
